keys,en
Left Eye,Left Eye
lefteye,lefteye
Right Eye,Right Eye
righteye,righteye
Suit Slacks,Suit Slacks
legsclothes,legsclothes
DefaultBody,DefaultBody
body,body
skeleton,skeleton
Afro01,Afro01
hair,hair
Bob01,Bob01
Bob02,Bob02
Braid01,Braid01
Long,Long
Ponytail,Ponytail
Short01,Short01
Short02,Short02
Short03,Short03
Short04,Short04
Fedora,Fedora
headclothes,headclothes
Fedora-Cocked,Fedora-Cocked
LeftEyebrow-001,LeftEyebrow-001
lefteyebrow,lefteyebrow
LeftEyebrow-002,LeftEyebrow-002
LeftEyebrow-003,LeftEyebrow-003
LeftEyebrow-004,LeftEyebrow-004
LeftEyebrow-005,LeftEyebrow-005
LeftEyebrow-006,LeftEyebrow-006
LeftEyebrow-007,LeftEyebrow-007
LeftEyebrow-008,LeftEyebrow-008
LeftEyebrow-009,LeftEyebrow-009
LeftEyebrow-010,LeftEyebrow-010
LeftEyebrow-011,LeftEyebrow-011
LeftEyebrow-012,LeftEyebrow-012
LeftEyelash,LeftEyelash
lefteyelash,lefteyelash
FalseLeftEyelash,FalseLeftEyelash
Skinny Jeans,Skinny Jeans
RightEyebrow-001,RightEyebrow-001
righteyebrow,righteyebrow
RightEyebrow-002,RightEyebrow-002
RightEyebrow-003,RightEyebrow-003
RightEyebrow-004,RightEyebrow-004
RightEyebrow-005,RightEyebrow-005
RightEyebrow-006,RightEyebrow-006
RightEyebrow-007,RightEyebrow-007
RightEyebrow-008,RightEyebrow-008
RightEyebrow-009,RightEyebrow-009
RightEyebrow-010,RightEyebrow-010
RightEyebrow-011,RightEyebrow-011
RightEyebrow-012,RightEyebrow-012
RightEyelash,RightEyelash
righteyelash,righteyelash
FalseRightEyelash,FalseRightEyelash
MakeHuman TShirt,MakeHuman TShirt
torsoclothes,torsoclothes
Suit Top,Suit Top
armsclothes,armsclothes
Shoes01,Shoes01
feetclothes,feetclothes
Shoes02,Shoes02
Shoes03,Shoes03
Teeth00,Teeth00
teeth,teeth
Teeth01,Teeth01
Teeth02,Teeth02
Teeth03,Teeth03
Teeth04,Teeth04
Teeth05,Teeth05
HumanTongue,HumanTongue
tongue,tongue
